channel,band,n_day,n_night,t_stat,p_value,power,mean_day,mean_night,HYP
58,Alpha,24,31,-2.8555430219299414,0.006632645675005135,0.725527598413567,0.10641588987784285,0.16716565783346812,True
12,Alpha,24,31,-2.4664050843724614,0.01720760459155104,0.6191332177691236,0.1102284933047483,0.16946264901298042,False
45,Alpha,24,31,-2.362427335073073,0.022626517689075802,0.5677280828995219,0.14803266773332152,0.21865739753429517,False
60,Beta,24,31,2.420107422476758,0.022802530555303707,0.7558016882787162,0.0914219898171923,0.05168119645606351,False
49,Alpha,24,31,-2.2825355935711475,0.027750763320566633,0.5302763019926308,0.1275566934137695,0.18437897000801912,False
46,Alpha,24,31,-2.2375926725058277,0.030192954061737994,0.5267192574607895,0.1317526293793906,0.19145270276330445,False
61,Alpha,24,31,-2.2108921373341976,0.03314120028774496,0.4980962730053846,0.11750895322422611,0.18005324990322272,False
36,Beta,24,31,2.1916585916412354,0.03574105085554598,0.6414017825744092,0.07773948490835314,0.053363624304288045,False
9,Beta,24,31,2.204402726100941,0.03663039544957812,0.6772821118397132,0.1783122604072034,0.07718215459131966,False
61,Tetta,24,31,-2.075403699193606,0.044919379564568006,0.4487238524879409,0.1569508390594799,0.22076035348241524,False
20,Alpha,24,31,-2.0440838289525036,0.04656895764679689,0.4611191184090404,0.14137152760769692,0.2011745766933938,False
10,Beta,24,31,2.015497975495998,0.053640162022048,0.5897503200772037,0.06846418155959606,0.04282197643611871,False
30,Alpha,24,31,-1.9970761623447653,0.053768089923666156,0.4156796547878941,0.17207475326428165,0.40135302321727956,False
18,Alpha,24,31,-1.9496209714675319,0.056867325830603645,0.4352975920842468,0.11262996781938484,0.1533058392454002,False
12,Tetta,24,31,-1.942259493240084,0.05804803962711363,0.42583050249123466,0.1136450151564848,0.14746281391319407,False
48,Alpha,24,31,-1.8829991055301847,0.06562857882644868,0.40928524042870057,0.19144668322705216,0.2607699963003329,False
39,Beta,24,31,1.8603571489508033,0.07168786081726772,0.5005894011999543,0.060579609972300906,0.04341661739301124,False
28,Beta,24,31,1.8481453616789323,0.07333215579877184,0.493424409078555,0.07778644405362423,0.05449388905929851,False
21,Beta,24,31,1.803455221162041,0.07946339467623788,0.4642567133168434,0.04362687925921027,0.032680587738006216,False
57,Alpha,24,31,-1.787321328053445,0.07983282485901888,0.38142147590210607,0.10091946510853693,0.12648163687527453,False
17,Beta,24,31,1.7812439211550617,0.0833771536087739,0.4592116763063039,0.10246519562509278,0.06962649997445078,False
47,Alpha,24,31,-1.7634610898145,0.08364651956638067,0.3802459353599229,0.17382917968625625,0.24011857615337734,False
33,Beta,24,31,1.7823570101423696,0.08443643702929488,0.47557272046796234,0.05136121976100969,0.03757908435992024,False
61,Beta,24,31,-1.7275014641779436,0.09254210764160163,0.33043662676733476,0.057273901025436676,0.09657424662274713,False
12,Beta,24,31,-1.719298961681667,0.0934057195695477,0.3328668105793314,0.035083444187579436,0.051340721131377914,False
24,Beta,24,31,1.6803597063780378,0.10607506376188107,0.46501645842889566,0.2119319325728676,0.08202526766282264,False
8,Alpha,24,31,-1.6527367103424322,0.1063659835378899,0.3114469528477498,0.1333022336497617,0.20549369729993347,False
29,Beta,24,31,1.6391348340772751,0.11110329416401296,0.4139192345773439,0.07621027040370693,0.05572789181301615,False
30,Delta,24,31,-1.637011844203994,0.1120612444576992,0.29207358440544695,0.7194514279196186,17.90697593377214,False
14,Beta,24,31,1.6415198490024903,0.11373030308157293,0.4458545156273432,0.11440938332499889,0.05681781299137175,False
19,Beta,24,31,1.6242064601760222,0.11664328146146076,0.4312939561049718,0.09751467119447373,0.055852093342250594,False
4,Alpha,24,31,-1.5725512107446904,0.12212673448891855,0.3057929137806316,0.12369856630858374,0.1561358799722514,False
30,Tetta,24,31,-1.5762186552542423,0.12537948214244388,0.2747270070369497,0.3070698906264656,2.6784562775079097,False
51,Beta,24,31,1.5536354500900453,0.12854655650746752,0.36105016950983765,0.118750036662764,0.0609018168575807,False
3,Alpha,24,31,-1.5093922940495466,0.13724716657863814,0.2917504513142681,0.14540778345628072,0.18957046128012753,False
25,Alpha,24,31,-1.4760871182339177,0.14594859486634282,0.28114648829754907,0.10661499003455592,0.13202008763577774,False
19,Alpha,24,31,-1.4648388221269915,0.14907947934390245,0.2749365907801166,0.16322862737862318,0.2043458096789669,False
44,Alpha,24,31,-1.4425525609402545,0.15580812925765603,0.25940177709084933,0.17758244102397214,0.22695675113037062,False
22,Beta,24,31,-1.4139948052934286,0.16533740225687465,0.2406765543114749,0.02436586236561117,0.032637323362774494,False
61,Delta,24,31,-1.4188915879354624,0.16539032821505378,0.2347160607037375,0.2507418704281594,0.3823324474278462,False
56,Tetta,24,31,-1.4042589776529377,0.16776690152039117,0.2406910281392321,0.10596569858980594,0.12907602250726158,False
17,Tetta,24,31,1.3809712939430205,0.17335464036826148,0.27079818715083526,0.2084454660392704,0.1781435606261478,False
53,Beta,24,31,1.3851977127696082,0.17567352753579982,0.31305755334142543,0.09514115077449059,0.06345392527394901,False
22,Tetta,24,31,-1.3601874321468705,0.18082099446198538,0.23131266823546506,0.0838836138711872,0.09928859313938239,False
11,Beta,24,31,1.35353532364273,0.18865337614059094,0.32552620695337836,0.06672228204502577,0.03210417405595992,False
27,Alpha,24,31,-1.3205691012114364,0.19245151840197663,0.23393184551510998,0.0873575679627599,0.1028465935112561,False
59,Beta,24,31,1.3187741141558156,0.19416463438626153,0.26546591487181187,0.13467836984025022,0.0979331600586082,False
0,Delta,24,31,-1.3246617168188515,0.19490981646161426,0.20895017535064322,0.899182514242459,4.790774556617273,False
37,Beta,24,31,1.3093450565841722,0.20002773123446255,0.2866744346938279,0.07464813306495016,0.051787697677706225,False
54,Beta,24,31,1.315101252724485,0.20037929027589438,0.3055393790006634,0.07258708140373647,0.04438927216068173,False
30,Beta,24,31,-1.2893820582003996,0.20593398723428696,0.20337546636416887,0.12968095254168435,0.23958594655585194,False
56,Alpha,24,31,-1.280535757925497,0.20601664165081215,0.22401044141440735,0.09162465784197711,0.11384718997172956,False
51,Tetta,24,31,1.2787750517522896,0.20902263591481882,0.26432170303268865,0.20087520184980678,0.14867933044976972,False
8,Tetta,24,31,-1.274633129505901,0.2101446295582798,0.20371251612746805,0.17030303508493283,0.22620302753200455,False
36,Alpha,24,31,-1.251385060639834,0.21677561338260543,0.2092599625471224,0.1075245923993381,0.13154670515690622,False
32,Beta,24,31,1.2537585474312465,0.21752741996057007,0.2529688308669037,0.10863117631506795,0.06691561017333596,False
56,Beta,24,31,-1.2498955727843588,0.218017351206969,0.20286873244227663,0.04770450101963181,0.06300441268262681,False
41,Tetta,24,31,-1.2311753948314477,0.22587779752137113,0.19277084723671623,0.09752745031370706,0.12559862346566944,False
44,Beta,24,31,1.2262432096104574,0.23058826647506672,0.26618508305707034,0.10784620310626969,0.0713308199844488,False
41,Delta,24,31,-1.2130893045848026,0.2338065739480677,0.1840230845636936,0.14894095312029018,0.2251122818734881,False
35,Beta,24,31,1.2022833925314391,0.23648223571972302,0.23516624216067683,0.14393051494862927,0.0962030320071733,False
48,Delta,24,31,-1.19661581100752,0.24065892857394983,0.1785104318652763,0.30464182488539543,0.6019523607169613,False
60,Tetta,24,31,1.1895567769540172,0.24222903919433386,0.23783571734973985,0.1565734069344571,0.12861074391889488,False
0,Tetta,24,31,-1.1838615483336845,0.24415994719639209,0.1805663829148968,0.28925440591330176,0.653998000186378,False
18,Tetta,24,31,-1.1510401905946994,0.255436004708711,0.18326546801838883,0.09715019609828267,0.11117369748411741,False
15,Beta,24,31,1.1428842898043587,0.26036397324249605,0.21959096981584897,0.11116622072597893,0.0824754717716146,False
62,Beta,24,31,1.1353557535409766,0.2636494387943614,0.21870604810868163,0.07784696039527629,0.06261747001690128,False
42,Alpha,24,31,-1.1217651266553845,0.2670472397499439,0.18430158782212205,0.1221669352787581,0.14705978034264966,False
40,Beta,24,31,1.119503653727029,0.27064019494411745,0.21662584581302416,0.15447965972529656,0.10378230491805486,False
23,Alpha,24,31,1.1025400881496121,0.2776292316856107,0.2100532091256649,0.12367961128422729,0.101087616870296,False
27,Tetta,24,31,-1.097626892342181,0.27912822579971136,0.1635864013683025,0.11968375654807047,0.1373001612592805,False
35,Delta,24,31,1.099781219910884,0.28100958747372284,0.2232147545130934,0.681843494962222,0.42623111823943244,False
13,Alpha,24,31,-1.0895628158884114,0.28109340304905184,0.17186143762628692,0.1363506526296724,0.16044764837398956,False
53,Alpha,24,31,-1.0823235561802476,0.28404618722542124,0.17439449165316007,0.11983120127973647,0.13887604739303996,False
50,Alpha,24,31,-1.0797734896744033,0.2865356989395107,0.19619752956404307,0.13581986219447453,0.16895459948955047,False
12,Delta,24,31,-1.0739019760645565,0.290663203792247,0.1545857878271307,0.21675661627854267,0.2984831073238633,False
40,Tetta,24,31,-1.0550096391497574,0.2974678882958056,0.15679533970154258,0.15401771332917927,0.185243914696344,False
59,Tetta,24,31,-1.0551268286888305,0.2996766523075211,0.14914015624533733,0.5455832890184128,3.39976200602309,False
28,Alpha,24,31,-1.044060598453389,0.3012331239178275,0.16550960163895612,0.10716926862173644,0.12193935858391379,False
51,Alpha,24,31,1.0396201135774574,0.3053155298400478,0.19048748840631788,0.19212337642231322,0.14855664194957738,False
26,Alpha,24,31,-1.0362788107033196,0.30532531867501433,0.1570605853921244,0.08494460660820889,0.09649949678520697,False
59,Delta,24,31,-1.030478146896515,0.31092623089088156,0.14440107069849756,2.568442203428353,23.91575248199186,False
6,Alpha,24,31,-1.019209464999806,0.313010485161433,0.15585007403813705,0.0980356390439208,0.11020213631229824,False
20,Tetta,24,31,-1.0213693467677496,0.3151217081286459,0.1427645658737812,0.18229633037418716,0.383547579823931,False
48,Tetta,24,31,-1.0184071441953908,0.31587682677996154,0.1438448796029957,0.17309229067325715,0.22676320140093156,False
40,Delta,24,31,-1.0069598554042951,0.3194692711591706,0.1483659424884809,0.2528356238630491,0.31356023798446075,False
40,Alpha,24,31,-1.0043153744080504,0.3206889669785881,0.1480452496457092,0.13724235259043138,0.1681404734321318,False
43,Beta,24,31,1.0047268994002112,0.3212803300143603,0.1788116616291014,0.07696143478166166,0.05965170118003269,False
42,Beta,24,31,1.0022913873675838,0.32512883259331227,0.1940557152063789,0.05030711168769298,0.03887287642251611,False
24,Delta,24,31,-0.9857143327753395,0.3321536005348511,0.1359644566921562,0.2937608918994741,3.6413776782769998,False
24,Tetta,24,31,-0.9850606864945305,0.33246433417737153,0.13585877463760782,0.14349429337683167,0.6169082837122359,False
34,Alpha,24,31,-0.9721053112154813,0.3354144885813297,0.15169166471455686,0.11571981857047842,0.13201405812494668,False
9,Delta,24,31,-0.977846936761743,0.3359681286517813,0.13455801380441518,0.38733407325871577,4.3191387933148215,False
6,Beta,24,31,0.9710517168626964,0.3361371705205697,0.15755656204287571,0.04157467176739372,0.036517360898484875,False
11,Tetta,24,31,0.9743941081070266,0.3377639796278018,0.18184081581507022,0.12814428944072773,0.10055438600508987,False
7,Delta,24,31,-0.9691554992714758,0.33974594817798287,0.13413323093815635,0.13324328065739688,0.2065720777550251,False
49,Beta,24,31,0.9529531191221235,0.3462845529869427,0.16384718830531672,0.04482104544835922,0.039407856672709324,False
15,Alpha,24,31,-0.9437153487638003,0.3497205591346064,0.15021796253145123,0.1874275444480722,0.21984680344805818,False
20,Delta,24,31,-0.9498479267133698,0.3497296951270058,0.12976812346641292,0.3231037695745233,0.9872904195806417,False
9,Tetta,24,31,-0.9409148050497257,0.3542509244313672,0.12815615344074,0.22583988637051192,1.034794764301647,False
22,Alpha,24,31,-0.9294436732378385,0.35743056959576613,0.15234769360924194,0.0895280130780951,0.10840256201628969,False
24,Alpha,24,31,-0.9216737673563962,0.3616648492828286,0.13236156501869756,0.12566291586881626,0.14884467142819668,False
49,Tetta,24,31,-0.9227432088405063,0.3631309757837292,0.1258945723121762,0.11222243817463921,0.15710852012581097,False
49,Delta,24,31,-0.9225086278667641,0.3635087031292523,0.12527324419926497,0.19784815775662887,0.3675451981993624,False
38,Delta,24,31,-0.9207894805411316,0.36394289806777014,0.12602120012257215,0.15685387548277638,0.2177214344941661,False
6,Delta,24,31,-0.9200215387582976,0.3642029214859467,0.12622583696214518,0.20843576946130274,0.2748161593905866,False
16,Tetta,24,31,0.9190779834675005,0.36624836672507943,0.17073425956849747,0.23094019165186805,0.17688413538284312,False
22,Delta,24,31,-0.9126552966580059,0.3680004233557739,0.12499919540739537,0.15332359801777892,0.2070319154229067,False
35,Tetta,24,31,0.9063036461743319,0.37085538410491836,0.1569712541589976,0.23604809905941027,0.19048686187994354,False
1,Beta,24,31,0.8995503733616739,0.3730365180659888,0.14630647444268416,0.11851628396769631,0.08011573925552123,False
27,Delta,24,31,-0.8956129414877914,0.37702121822330237,0.12187085897411858,0.19997927593951684,0.27387418236223976,False
16,Beta,24,31,0.8787653860412341,0.3875399195028796,0.1610681906146476,0.10726290868831667,0.06736362892715958,False
56,Delta,24,31,-0.872326850677048,0.3886641881018832,0.1200216828161724,0.19835514184019432,0.27150969000352965,False
57,Beta,24,31,0.8699903088528321,0.38957603266975227,0.14520236885209373,0.07519308811371059,0.06465545335335604,False
19,Delta,24,31,-0.8724809264493529,0.3896660852416959,0.11735493751419694,0.2427819831916669,0.4156468906920087,False
18,Delta,24,31,-0.8699530997327417,0.3906353273364406,0.11782371011208774,0.1860167108708057,0.24276595083699923,False
41,Beta,24,31,-0.8590183905411775,0.3948765414244514,0.12154904312773274,0.05411569313060893,0.07074439688708871,False
50,Delta,24,31,-0.8576631040838297,0.3964782591855406,0.11801563836534172,0.21957106976388005,0.28116772137240886,False
34,Delta,24,31,-0.8586562186132478,0.39668271189354676,0.11618671532420131,0.24884154441786596,0.32992743658902807,False
8,Delta,24,31,-0.8528656352240657,0.3976811056750992,0.12475638571172523,0.3212254771203362,0.3790421327752012,False
4,Beta,24,31,0.8473086136400794,0.40083685711991335,0.1316379626299113,0.059923539805308686,0.05428108921502951,False
59,Alpha,24,31,-0.8451858458482834,0.40291943437859157,0.1173213974603563,0.1939303771924384,0.28543747990894336,False
18,Beta,24,31,-0.8403021646673797,0.40498321593155817,0.13294406743791706,0.03396355388581186,0.037197780696239094,False
37,Delta,24,31,-0.8384239188493978,0.40765463149597014,0.11333637824296294,0.2084070897813098,0.2800788012650468,False
38,Tetta,24,31,-0.8305639910295761,0.4112791375269822,0.11414537100924883,0.09267593462641166,0.10278506484666781,False
52,Delta,24,31,-0.8293248684535467,0.4130289401651078,0.11121785332492248,0.1426821180208581,0.20337099882443144,False
11,Alpha,24,31,0.8295352344793276,0.41343388365165223,0.14465948387125183,0.1315591904345292,0.10659848833630187,False
55,Beta,24,31,0.8301946083181444,0.4141439457143632,0.1496694939611898,0.058208358966232714,0.038230065434011674,False
41,Alpha,24,31,-0.8179714950055833,0.41750647405271213,0.11561519714506964,0.12932787471807186,0.14903315274319726,False
45,Tetta,24,31,-0.8129978771115309,0.42010868630142706,0.11625590470920183,0.14409407765011595,0.15721288313672896,False
1,Delta,24,31,-0.8065142510322504,0.42553621968696254,0.10855056018001286,0.32313695466423215,0.4183835231593229,False
57,Delta,24,31,0.8033091706249655,0.4286316500813996,0.14056523683292663,0.4577372457644659,0.3537946212053711,False
47,Delta,24,31,-0.7922765932288675,0.4332013620983116,0.10764611004655997,0.3128476159115153,0.3817045194313624,False
10,Delta,24,31,-0.785621436795209,0.4375258013294183,0.10546511269016165,0.1553218423846141,0.20826580188933647,False
32,Delta,24,31,-0.784616116994334,0.4384876562703698,0.10451009195383729,0.30876804186300527,0.5993517819770091,False
58,Delta,24,31,0.7854877679120584,0.43939004524892,0.13885105179010684,0.5345606154162313,0.40660911556216994,False
2,Beta,24,31,0.7749558400704291,0.44195401504283494,0.11750275017132202,0.11238115412762996,0.08238174669841082,False
29,Tetta,24,31,0.7767894035641002,0.4444899013752259,0.13715431512403103,0.3720873928366917,0.2473209263815882,False
23,Delta,24,31,-0.7683947745829306,0.4476915972418313,0.1027071152944376,0.14603644362835935,0.2042499369505751,False
33,Delta,24,31,-0.762656420043372,0.45028598712202306,0.10379666260505048,0.2715096287518294,0.37119839613801703,False
23,Beta,24,31,0.7622823294973403,0.4505417069816513,0.12316147127123947,0.043979282884849646,0.038503198508678164,False
33,Alpha,24,31,-0.7569695516087418,0.45248272847939874,0.10900693776824517,0.10566288255794658,0.11748413903560405,False
38,Beta,24,31,0.7558627696648414,0.4535931087902685,0.11748499526300635,0.025314326017071537,0.023550684811861154,False
43,Alpha,24,31,-0.7549711997419585,0.4538814055110618,0.106635278441772,0.1398095298613272,0.1568897380763274,False
58,Tetta,24,31,-0.7529091651030653,0.45488542497519957,0.11226386904267775,0.179038090388942,0.19988875928141003,False
43,Delta,24,31,-0.7497921853997259,0.4583112923428617,0.10091943901632076,0.20005792139063525,0.2492930226299806,False
26,Beta,24,31,0.7426086059349951,0.4616418677411077,0.11601770202572562,0.05653254009826531,0.0496855665538525,False
29,Delta,24,31,0.7362069226599434,0.468518627721473,0.1286028052152458,1.8723533125340468,0.8975894585148915,False
6,Tetta,24,31,-0.7293096999507467,0.46996246828274957,0.09979565113867271,0.13332189183861226,0.14622351474335699,False
0,Beta,24,31,-0.726699068129676,0.47195053429585565,0.09828747535145038,0.1383891525264431,0.202318549396794,False
27,Beta,24,31,-0.6979015589934606,0.48833198223441265,0.10326035646431152,0.03019820799647897,0.03243446942577735,False
13,Delta,24,31,-0.6922559446870028,0.49355874866521177,0.09267173828134279,0.1976250069578475,0.24301886233243927,False
55,Delta,24,31,-0.6907407688684091,0.49405986703257176,0.09341693689834965,0.1822582512239469,0.22997835311983122,False
55,Alpha,24,31,0.6821057208480028,0.5003935592675899,0.11306257726118796,0.11051045450776471,0.09470623988349916,False
39,Delta,24,31,-0.6749327505168335,0.5038351269163972,0.09165049681447655,0.17772346978346612,0.229697012598333,False
36,Delta,24,31,0.6743696289770356,0.5046861289833435,0.10944139647810233,0.45013486848867695,0.381786915376664,False
45,Delta,24,31,-0.6405673669238043,0.5259022595984391,0.08695599835277894,0.2720309563021483,0.3160057346524864,False
62,Delta,24,31,0.6340485739919508,0.5297181139423172,0.09980305205260374,0.42319040131053925,0.3481891882795128,False
62,Tetta,24,31,0.6308248605090184,0.532278915375547,0.10130448784271565,0.2016575367950408,0.1808310799041707,False
21,Delta,24,31,-0.6225170588282348,0.5375816451334336,0.08483745117752552,0.143862217738563,0.18238607475627894,False
46,Delta,24,31,0.6216314017626244,0.5376431988709898,0.0972543594784861,0.41179523707245025,0.33354278895065576,False
34,Tetta,24,31,-0.5951805175537696,0.5544729569261877,0.08481736216059474,0.1573478334898412,0.17032769570897022,False
5,Beta,24,31,0.5964273023114602,0.5547679246431444,0.09581483124210799,0.08966938165633465,0.07632110349220145,False
0,Alpha,24,31,-0.5911680070688532,0.5571514092735088,0.08985746482416151,0.1502945578830428,0.1734367445999107,False
53,Delta,24,31,-0.589623613403189,0.5589182899493952,0.08172928856495587,0.23425309447643503,0.2983336560082037,False
7,Tetta,24,31,-0.5890168444650145,0.5590058086864003,0.0824426892446857,0.07826503513286215,0.08444004670087166,False
15,Tetta,24,31,0.5760036375523601,0.5674938630127102,0.08910410039229255,0.20001336465485753,0.1844561427004768,False
42,Delta,24,31,-0.5754267432351631,0.5688146114623951,0.07937399955937982,0.20886524593174757,0.24874285290877798,False
19,Tetta,24,31,-0.571485952334919,0.5712588563878267,0.07930722517352902,0.15549238785448613,0.18437651857882867,False
52,Beta,24,31,-0.5682586967667739,0.5723009415501613,0.085157804362263,0.029920709715498938,0.03197510640591086,False
60,Delta,24,31,0.5664143300770901,0.5739107307841345,0.08765025861962217,0.3199524879355716,0.2763165107803741,False
48,Beta,24,31,0.5628909448718329,0.5762730457947666,0.08709870954155985,0.07433991601765425,0.06920830039394381,False
16,Delta,24,31,0.5390300389460447,0.5921264082923894,0.08082979261459686,0.4238718541747315,0.36748532678907525,False
50,Tetta,24,31,-0.5339983106993309,0.5960557444707963,0.08387500667478813,0.13056420126218407,0.1456553490565417,False
28,Delta,24,31,-0.5284543025806837,0.600140227427155,0.07562519703415971,0.2679286785929604,0.31191538859355367,False
52,Tetta,24,31,-0.5228446658576472,0.60342266352507,0.07689449907165381,0.08127907842555006,0.08714136757589808,False
31,Beta,24,31,0.5187863446342657,0.6060694995533737,0.07834327593257058,0.20515815914905908,0.17290097850339609,False
25,Delta,24,31,0.519035042694931,0.6070057026618114,0.08441763348169003,0.8601452944636566,0.6137311169276577,False
7,Alpha,24,31,0.5125916323421812,0.610852952926725,0.08129654213222318,0.10256913391530147,0.09353759899244914,False
14,Delta,24,31,-0.5059156493435205,0.6160529699618221,0.0728608196429341,0.24525514542575969,0.28241456523093605,False
44,Delta,24,31,-0.5037555453635214,0.6175922883229148,0.07260332113468895,0.2994885433332067,0.34801760000866083,False
45,Beta,24,31,-0.5006126938392642,0.6189008861242232,0.078394739986417,0.05482372838716829,0.05821378478748831,False
28,Tetta,24,31,-0.4824992680497714,0.6316010345554248,0.07278255688978784,0.14091583932498394,0.14929906784293137,False
14,Alpha,24,31,-0.47631403756254925,0.6358229117416062,0.07428839630844755,0.15692085271939635,0.16868802621827705,False
17,Alpha,24,31,-0.45325098045707823,0.6522229726878946,0.07123590906090178,0.19446459644237216,0.2073290770191078,False
46,Tetta,24,31,0.45324423752831144,0.6529448978127111,0.07543597597580175,0.16460316636970054,0.15251172390181728,False
5,Alpha,24,31,-0.4420538584028679,0.6606527318251847,0.07315695922984575,0.11460337444211866,0.12556753357961767,False
53,Tetta,24,31,-0.434200078109225,0.6659942838735154,0.06867603082115442,0.13359876855658043,0.14489071789368174,False
29,Alpha,24,31,-0.4337266480384026,0.6664116052936367,0.0712774880438251,0.127283027211939,0.13664067772141283,False
62,Alpha,24,31,-0.43272844892487405,0.6670214049365978,0.07046152367041507,0.1484531652358246,0.15712942653346484,False
34,Beta,24,31,0.430333393508376,0.6691366422697447,0.07210197463589774,0.057545552496755165,0.05285571332320034,False
35,Alpha,24,31,-0.42601064187015464,0.6719514365516184,0.07032852126441191,0.13682317192360435,0.15169617262434326,False
26,Tetta,24,31,0.40932587144319144,0.6839931613169989,0.06822609600333944,0.11773386709310789,0.11174658911941542,False
57,Tetta,24,31,0.40236474069249095,0.6896190201855766,0.06985471047368244,0.16745774839373526,0.16008602141517234,False
2,Delta,24,31,-0.39489058274954725,0.6947734910396123,0.06478077182750724,0.29158497180068843,0.33218497126802266,False
32,Tetta,24,31,0.39349568898134124,0.6955546958696699,0.06665294048212594,0.1462788765527708,0.13504623436255533,False
36,Tetta,24,31,0.38541143746592066,0.7015976334910909,0.06665563247449403,0.18029235683259867,0.17131483495221764,False
10,Alpha,24,31,0.3624788624145865,0.7184610161714556,0.0632599444655126,0.10581738344223351,0.1016385868617595,False
7,Beta,24,31,0.3529705252349166,0.725567378039607,0.06365853478493486,0.034532998352570315,0.033174601284518386,False
2,Tetta,24,31,0.3402808334201347,0.735063181987869,0.0627922692768264,0.15512073443795102,0.14700297949919305,False
33,Tetta,24,31,0.3387969201412501,0.7361897093479839,0.06275955556620541,0.152033672814917,0.14425596794261197,False
31,Alpha,24,31,0.3319599650042205,0.7417447780229367,0.06357212244228959,0.316695356575116,0.276180258540247,False
54,Alpha,24,31,0.31980292232361424,0.7503844700978399,0.06087328154760099,0.09803938689308207,0.0940032617013988,False
54,Tetta,24,31,0.31226180140078236,0.7560693905853622,0.06025778290488895,0.09415464156518898,0.09058930119791825,False
16,Alpha,24,31,0.3041691794947826,0.763185832368227,0.06242012138320023,0.19574387832082243,0.1787673533123962,False
43,Tetta,24,31,-0.2997012867907809,0.7656195432093001,0.05892133668991868,0.12598361305041703,0.13130955679317288,False
32,Alpha,24,31,-0.298083416992521,0.7668237032963988,0.05953513841179346,0.10652050266924713,0.11155128253762737,False
37,Alpha,24,31,0.29280174655002555,0.7709756133297905,0.05981093802095482,0.10849393010890229,0.10307671104919837,False
25,Tetta,24,31,0.286409111889987,0.7758922492786408,0.059545604076223016,0.23812920709108032,0.21890742265820143,False
60,Alpha,24,31,-0.28423480059955947,0.7773380978632063,0.05841395156566388,0.11016387181222564,0.1146940736024227,False
11,Delta,24,31,-0.27902067582267837,0.7817717187452022,0.05697459716788444,0.1983013992120791,0.2198002367804764,False
13,Tetta,24,31,-0.27413312840012183,0.7850509984812408,0.057704840107027436,0.12049692484308205,0.12481021447876275,False
5,Delta,24,31,-0.2709905158041308,0.7874769706942384,0.057343586198027895,0.3179650220038601,0.34661257523359273,False
3,Tetta,24,31,-0.25680498949304886,0.7983793985792271,0.05646998143992518,0.44180270945139516,0.5106771456184858,False
13,Beta,24,31,-0.2330931301994622,0.8165962613890392,0.05578122245170517,0.056252771431242014,0.05912804862397749,False
31,Tetta,24,31,0.21959537611351587,0.8272176775699285,0.05565677984627853,2.1446028590655164,1.760978003585497,False
9,Alpha,24,31,-0.2151325527389217,0.8305417136628972,0.05452050861743853,0.18210984351777015,0.19140984462710706,False
44,Tetta,24,31,-0.21314141603706027,0.8320795291970932,0.05445362329664255,0.1721382578474151,0.1769750092647301,False
55,Tetta,24,31,0.20705322198592782,0.8370578754443984,0.05522939720205465,0.11685052579490962,0.11259339492057112,False
8,Beta,24,31,-0.20086001490792127,0.8416187979563985,0.05395526718895123,0.15925573319991485,0.16914259227466352,False
14,Tetta,24,31,0.19992880129526,0.8423141579404894,0.054015983755500596,0.15467664394917507,0.150819662039677,False
21,Alpha,24,31,0.1940450423832682,0.846882519330536,0.05391197905111647,0.10364733448930681,0.10087231624018153,False
54,Delta,24,31,-0.19275160089733448,0.8479381418048337,0.053623602376789134,0.1928605950983914,0.20619650739115872,False
47,Tetta,24,31,-0.17977118275564444,0.8580892583292359,0.05363650974261898,0.1722709887650901,0.17740491066330172,False
17,Delta,24,31,0.17872725284709587,0.8590714941662787,0.05289003724045442,0.37194470649959915,0.35802295951211266,False
23,Tetta,24,31,0.17381675367840924,0.8626785492253674,0.053053469520134025,0.08956834522948875,0.08756445918449902,False
21,Tetta,24,31,0.16982324635068666,0.8658214387374196,0.052847988126468876,0.08413647196418726,0.082282061039352,False
4,Tetta,24,31,-0.16429162724875435,0.8701611524480192,0.05296688369598573,0.2192115575695632,0.22403001732954808,False
3,Beta,24,31,-0.15367895653977365,0.8784511574296467,0.05239336636773044,0.08108797367596805,0.08376753821189224,False
26,Delta,24,31,0.15299450396083566,0.879005604177505,0.05254525466300618,0.29055722078840934,0.27615109921435216,False
37,Tetta,24,31,0.13958664809159016,0.8895208825292241,0.052067336285198704,0.1255851310584123,0.12299013355945869,False
4,Delta,24,31,-0.1321868529684978,0.8953474726911157,0.05187497138436288,0.5430490267363561,0.5615327367482703,False
25,Beta,24,31,-0.13101304257561933,0.8962650221088431,0.051738459674770906,0.04385206684264603,0.04470864236387438,False
39,Alpha,24,31,0.12598464846158733,0.9002221425290686,0.05162156892152073,0.08787430272230788,0.08644860742753871,False
1,Tetta,24,31,-0.09919308043850211,0.9213854100128986,0.05095598943301996,0.2355263493555287,0.24107777087008841,False
39,Tetta,24,31,-0.096096712401884,0.9238325970190957,0.05089613203091169,0.09145782087053667,0.09259976340501185,False
1,Alpha,24,31,0.07313931091947688,0.9419707530008954,0.0505565914631419,0.18592845153124518,0.18239957634908038,False
20,Beta,24,31,0.06750566598708624,0.9464345820064028,0.05046288525789529,0.09646589613200855,0.09509869697502252,False
58,Beta,24,31,-0.05629516052790579,0.9553311789155832,0.050348762811981876,0.09824110692964451,0.09995860193736347,False
31,Delta,24,31,-0.05230528417026177,0.9584824098509793,0.05028574383929545,9.773498725100692,10.24648384781497,False
5,Tetta,24,31,-0.05183070585639934,0.9588979665148343,0.05031226899695469,0.14639551974755918,0.14764672751712085,False
47,Beta,24,31,0.049110770672224864,0.9610432618219747,0.050275533450994225,0.06942531870675638,0.06847359721740935,False
50,Beta,24,31,0.0431847596441722,0.9657851678094211,0.05022940746121226,0.0649050220107988,0.06373665761966185,False
3,Delta,24,31,0.041159393781061836,0.9673245386927704,0.05017879050229376,1.9665834656252075,1.9046623785216343,False
51,Delta,24,31,0.040101260603668434,0.9681944143202281,0.05014958057075085,0.28140692755087704,0.27818966720996885,False
52,Alpha,24,31,0.03887437828213565,0.9691441513577643,0.05016548121135561,0.1132189133450372,0.11247949372437502,False
46,Beta,24,31,0.03819647662071346,0.9696834642720684,0.05016067961662399,0.043518422660677326,0.043357643517260236,False
15,Delta,24,31,0.036108485317561126,0.9713591179523469,0.05012140699421182,0.3562984792370389,0.3535276697284384,False
38,Alpha,24,31,-0.028030198704053853,0.9777652442541936,0.05009146050909451,0.08146885475947316,0.08182357506270758,False
42,Tetta,24,31,-0.024580605568280824,0.9804834263703142,0.050064571257242216,0.11921318400879764,0.11961714960286157,False
2,Alpha,24,31,0.019742660017172623,0.9843433155131276,0.050046264918192265,0.1225494179282325,0.12209180432959238,False
10,Tetta,24,31,0.001710337545992052,0.9986419979675365,0.05000028912975213,0.09693489260697434,0.09691475183363962,False
