channel,band,n_A,n_B,mean_A,mean_B,diff_A_minus_B,t_stat,p_value
28,Beta,15,17,0.04412470690551259,0.1031124082417423,-0.05898770133622971,-3.937208487926377,0.0009913012988180235
48,Beta,15,17,0.05607432261375444,0.08592259636832303,-0.02984827375456859,-3.266901880193209,0.002817861024365742
34,Beta,15,17,0.036052434725893874,0.0722666941270107,-0.036214259401116826,-3.4534254578429344,0.002835771473757998
42,Tetta,15,17,0.09585167857271339,0.15189022877115327,-0.05603855019843988,-3.167891883797411,0.003708870696532545
22,Tetta,15,17,0.07378844099917582,0.11771493039357395,-0.043926489394398124,-2.9808540940072534,0.006521135793554431
47,Tetta,15,17,0.1334077761109386,0.22816276871690563,-0.09475499260596704,-2.959341434268898,0.006967942042283356
26,Tetta,15,17,0.09495559763458987,0.15215874015658842,-0.057203142521998554,-2.8627648010326725,0.007762118758708944
38,Beta,15,17,0.02119047281421011,0.029561529186468163,-0.008371056372258052,-2.854675246017259,0.007901815044418354
27,Beta,15,17,0.02748974051829132,0.03699876908969437,-0.009509028571403049,-2.841720831583572,0.007991881404173576
6,Beta,15,17,0.03213666654413654,0.04862206580941709,-0.016485399265280545,-2.8211288442693605,0.00844119807761228
32,Beta,15,17,0.037329342023336466,0.1683220221316677,-0.13099268010833123,-2.9042828121378395,0.010275053228697265
26,Beta,15,17,0.03825100606070861,0.0637300393168478,-0.02547903325613919,-2.6717028626026296,0.012079535535460885
46,Tetta,15,17,0.12683272104532944,0.18512980571063628,-0.058297084665306836,-2.601957915518285,0.014782588120938883
28,Tetta,15,17,0.12621909533701245,0.17737711477158616,-0.05115801943457371,-2.547629392979317,0.016521323000909704
8,Tetta,15,17,0.14037459329480217,0.2379257847458458,-0.09755119145104363,-2.5623745847447665,0.01804819773735608
36,Tetta,15,17,0.14704559241968487,0.21530079859353246,-0.06825520617384759,-2.50546779453334,0.018179874819173766
21,Beta,15,17,0.03012331828386301,0.04371780491008812,-0.013594486626225113,-2.459178804310794,0.020052117825830003
37,Tetta,15,17,0.10494800285687521,0.1545406424124785,-0.04959263955560329,-2.4501235050654513,0.021718794748852608
34,Tetta,15,17,0.13807235845615942,0.20128460431925388,-0.06321224586309446,-2.4311846229753393,0.02181463856180466
45,Tetta,15,17,0.1310044708528689,0.18201806522509298,-0.05101359437222408,-2.4165922136714872,0.02241704239928793
12,Tetta,15,17,0.11411811508060922,0.16903412845037896,-0.05491601336976974,-2.3859735280720784,0.023901998028222127
44,Beta,15,17,0.05302937919687893,0.10285759828880388,-0.04982821909192495,-2.4423280064476542,0.024708850436392978
18,Tetta,15,17,0.09081426967704107,0.12993209290446017,-0.03911782322741911,-2.352508054058919,0.025897630411074797
47,Alpha,15,17,0.17987816171750193,0.3177705423995143,-0.13789238068201237,-2.3578925661672234,0.026288844879323103
23,Tetta,15,17,0.07765507334695448,0.10794688387140004,-0.03029181052444556,-2.3380723352919315,0.026710996061453832
6,Tetta,15,17,0.11957224350245226,0.178575363855402,-0.05900312035294973,-2.3356234124218873,0.026716333375426834
34,Alpha,15,17,0.10280588595048774,0.16971772501939067,-0.06691183906890293,-2.350717691911187,0.027566089498574635
62,Beta,15,17,0.05272881304697385,0.08831717674711756,-0.03558836370014371,-2.3503020958597145,0.027980727031293888
38,Tetta,15,17,0.0837897358373517,0.12458725992579754,-0.040797524088445836,-2.3164430289501285,0.02835193117773285
13,Tetta,15,17,0.1029009427047438,0.13728189002461627,-0.03438094731987247,-2.276121860272309,0.030455287636734257
42,Beta,15,17,0.03559287378180121,0.04981817407350914,-0.014225300291707932,-2.26900849726945,0.030651742025022945
27,Tetta,15,17,0.10952545754493227,0.16277144720950046,-0.053245989664568186,-2.2371219233042816,0.035420317809440736
11,Tetta,15,17,0.09083251197718911,0.14463802835061437,-0.05380551637342526,-2.210286918711241,0.03713205456584213
47,Beta,15,17,0.04944466683156197,0.0977126661536782,-0.04826799932211623,-2.2433682838506064,0.037721331877360605
22,Beta,15,17,0.023171072887138478,0.03134505473421651,-0.008173981847078033,-2.175016625909955,0.03867165984215143
39,Tetta,15,17,0.08242406343656873,0.1139975717546893,-0.03157350831812057,-2.15880961568179,0.03947046287795054
60,Beta,15,17,0.04503215029687872,0.12803413878855,-0.08300198849167127,-2.2350003713254334,0.03965307405933789
8,Delta,15,17,0.2654971567115614,0.40866812368651395,-0.14317096697495257,-2.1491193822172803,0.04109019425309575
52,Tetta,15,17,0.074083037358073,0.10839148859182993,-0.03430845123375692,-2.15039457861912,0.041550837851098144
7,Tetta,15,17,0.07173615799300255,0.09984086125995181,-0.028104703266949263,-2.1318199169123275,0.04165865261372115
37,Beta,15,17,0.04709023177061999,0.08088562416476237,-0.033795392394142386,-2.134819330952998,0.04271018196505717
5,Tetta,15,17,0.1278339214386448,0.17610862131128793,-0.04827469987264313,-2.0869279196163193,0.0457078074520357
32,Alpha,15,17,0.09673836495697734,0.15525326711394372,-0.05851490215696638,-2.0933045933910654,0.04593034053380168
49,Beta,15,17,0.03571341384852689,0.049051788006843976,-0.013338374158317089,-2.0739912414886255,0.046759735321131174
31,Beta,15,17,0.14009539585797087,0.31416304388894845,-0.17406764803097757,-2.0706487687986366,0.048573552209961936
0,Beta,15,17,0.06848416393770586,0.38643876666657073,-0.3179546027288649,-2.114985009343398,0.050148402175254014
33,Beta,15,17,0.03559816854059814,0.06734599387377542,-0.03174782533317728,-2.0574601988698844,0.05468629726746866
33,Alpha,15,17,0.10157864392616801,0.15441150401382386,-0.05283286008765585,-2.0127920233132555,0.05506026039654529
59,Beta,15,17,0.09392037717182014,0.207550278030002,-0.11362990085818186,-2.037575869458499,0.05522678114452118
48,Tetta,15,17,0.1527378586904397,0.20542202062424827,-0.052684161933808565,-1.9948031745551225,0.055265429407476294
18,Beta,15,17,0.03251194308940617,0.043554514406525455,-0.011042571317119283,-2.0001219563256676,0.055511074945029805
8,Beta,15,17,0.08946579335080015,0.17380133194259317,-0.08433553859179302,-2.0237830693603476,0.05628974186764819
60,Alpha,15,17,0.1013996799609491,0.15568498523086727,-0.05428530526991816,-1.9885319819375318,0.057366225137689277
2,Beta,15,17,0.05920425119055879,0.14443272419002545,-0.08522847299946666,-1.976015536110409,0.06018476695111916
61,Beta,15,17,0.051490363901451466,0.08182650452860597,-0.030336140627154506,-1.943736639383871,0.06151683073699907
61,Tetta,15,17,0.15197174696340449,0.22044942788884087,-0.06847768092543638,-1.952649582597054,0.06411347608674223
42,Alpha,15,17,0.11719989728419078,0.18724335241718457,-0.07004345513299379,-1.92403283278038,0.06694973638097432
28,Alpha,15,17,0.10458826395786468,0.15320583981271385,-0.048617575854849174,-1.8862346880142538,0.0705708009495097
6,Alpha,15,17,0.0920510759015405,0.14446256700537952,-0.05241149110383901,-1.8889488835325141,0.07199023469307197
43,Tetta,15,17,0.11283492975764804,0.14726239509087483,-0.034427465333226784,-1.8355514038753356,0.07637891612632842
47,Delta,15,17,0.25771790197089545,0.3844048071976135,-0.12668690522671805,-1.817636325601317,0.07912061927063106
23,Beta,15,17,0.03461213616935152,0.04828396544554362,-0.0136718292761921,-1.8108837944106733,0.0803263680628368
10,Tetta,15,17,0.08926868863285535,0.1181905328789178,-0.02892184424606245,-1.8106262252158245,0.08116350782743854
61,Alpha,15,17,0.12033640717466672,0.18027411402837068,-0.05993770685370396,-1.8069125357109646,0.08222082222354855
12,Alpha,15,17,0.12933139882922645,0.19852067866944378,-0.06918927984021733,-1.805552131534314,0.08273455201633415
29,Alpha,15,17,0.11432310337762512,0.17335803709736392,-0.059034933719738794,-1.8137000394108371,0.0839190016703847
46,Alpha,15,17,0.15172772949768434,0.2366196856747906,-0.08489195617710626,-1.7721885202281158,0.08817935263984782
44,Tetta,15,17,0.1496814822571145,0.19217763417491726,-0.04249615191780276,-1.7613434242766781,0.0884551646204388
52,Beta,15,17,0.027917186257296375,0.038101513688752545,-0.01018432743145617,-1.7571442265624844,0.092554169933711
8,Alpha,15,17,0.1276568019496543,0.20221786358568514,-0.07456106163603082,-1.7564065181797752,0.09322241685477439
54,Beta,15,17,0.03863126464217665,0.06135894600901993,-0.022727681366843278,-1.7433333833540139,0.09562752471153013
18,Alpha,15,17,0.12249903903741921,0.20258691778317803,-0.08008787874575882,-1.7103385853145257,0.10251863080576619
46,Beta,15,17,0.04030895132334932,0.05074532946743884,-0.010436378144089521,-1.6797223662476197,0.10345040395302545
54,Tetta,15,17,0.08551291449971142,0.11021476208704527,-0.024701847587333847,-1.658798530484901,0.10765029229739631
57,Tetta,15,17,0.15793436964944244,0.21424842704118802,-0.05631405739174558,-1.663103063731396,0.10913431470598173
15,Tetta,15,17,0.16882893430098653,0.2703009202805053,-0.10147198597951876,-1.6791255115073356,0.11023316947910443
45,Beta,15,17,0.0520444184438222,0.06517292332707667,-0.013128504883254462,-1.6335141773596786,0.1128513181889759
4,Tetta,15,17,0.2004261523012131,0.25785506799483165,-0.05742891569361855,-1.6324341505225421,0.11309051664077968
15,Alpha,15,17,0.19486214521207976,0.3220306488239214,-0.12716850361184165,-1.6335073248818386,0.11724812527688086
39,Beta,15,17,0.039992822620219415,0.05623481647536702,-0.016241993855147602,-1.6160994447687336,0.11795083431551102
15,Beta,15,17,0.07707770341002043,0.1685511066841812,-0.09147340327416076,-1.6440128428299325,0.11799216220282821
36,Beta,15,17,0.05288089221225135,0.08090016966377822,-0.028019277451526874,-1.5973203875352457,0.12367215219689087
0,Alpha,15,17,0.13888809597267518,0.24298692629763896,-0.10409883032496378,-1.5963951160198933,0.12394309026352032
21,Tetta,15,17,0.07894192171238718,0.10124109096365982,-0.02229916925127265,-1.5765921790982067,0.12572002615605615
48,Alpha,15,17,0.2089707783467713,0.33880957941777734,-0.12983880107100604,-1.5793803538196325,0.1268287774287047
7,Beta,15,17,0.029740365786063996,0.038368851821660915,-0.008628486035596919,-1.5699547646241656,0.1269539685490521
14,Tetta,15,17,0.13478427746347965,0.16551027053586242,-0.030725993072382773,-1.5671267340132822,0.12763739144785166
11,Alpha,15,17,0.10297585727706077,0.15545917697595196,-0.052483319698891195,-1.5813148318328212,0.12777491342765784
37,Alpha,15,17,0.09761315247132665,0.14001228670258317,-0.04239913423125652,-1.5616537712777998,0.1311780035462961
27,Alpha,15,17,0.08786661897209429,0.1275287187248677,-0.03966209975277342,-1.5572502837565942,0.1324380893869511
33,Tetta,15,17,0.13469731583600006,0.1842513708162959,-0.04955405498029583,-1.521762427447986,0.138567999969302
10,Beta,15,17,0.042765090930911284,0.06029671088059325,-0.017531619949681963,-1.5225574583379573,0.13890287165584664
50,Alpha,15,17,0.14227621583415878,0.2072966261127708,-0.06502041027861202,-1.5157423325644404,0.1427338288932815
22,Alpha,15,17,0.08775917157560349,0.13708550861778376,-0.04932633704218027,-1.4906173496541966,0.15257267651782158
36,Alpha,15,17,0.1105385829857181,0.15607302778345697,-0.04553444479773887,-1.4587503407820905,0.15885644231964444
45,Alpha,15,17,0.17691535388252563,0.25144430175319277,-0.07452894787066713,-1.4412828834082443,0.16068319718422974
4,Beta,15,17,0.05199658804469639,0.0641275553804945,-0.012130967335798111,-1.4287752143981725,0.16340746678856116
45,Delta,15,17,0.24493368672473084,0.327936755268931,-0.08300306854420017,-1.414810497205285,0.16760218603187904
42,Delta,15,17,0.18471806035155341,0.2656815438022634,-0.08096348345070997,-1.3947205550931352,0.1735089152963738
17,Alpha,15,17,0.21462413205336484,0.312133802132321,-0.09750967007895617,-1.3679133470555283,0.18241037005218727
25,Beta,15,17,0.03898837483443675,0.04789802640890416,-0.008909651574467409,-1.364148430630839,0.1829812917449642
26,Alpha,15,17,0.08768327078589845,0.11932950283998117,-0.03164623205408272,-1.368633185554602,0.18347873118043287
26,Delta,15,17,0.2216539620347912,0.3254402251888056,-0.1037862631540144,-1.3616700441310334,0.1835560629023298
49,Alpha,15,17,0.14498436163283063,0.21161812549086512,-0.06663376385803449,-1.3660403715770093,0.18456366790656892
2,Alpha,15,17,0.11390772688956488,0.15555621273502582,-0.041648485845460936,-1.3589921352525975,0.18457207493011996
1,Alpha,15,17,0.16504669031276112,0.23674746376334455,-0.07170077345058343,-1.353868014246274,0.18722094396755354
55,Tetta,15,17,0.1027068480553608,0.12962906182083597,-0.02692221376547517,-1.3493220938996902,0.18762714236763844
38,Alpha,15,17,0.07772192841188776,0.10718216327037297,-0.029460234858485215,-1.3510469800505054,0.18849584545507964
1,Tetta,15,17,0.212327804451897,0.29292575824035316,-0.08059795378845616,-1.3368535901754626,0.1921162768895554
9,Alpha,15,17,0.21909528499439593,0.1680299243694093,0.05106536062498662,1.3391486358857927,0.19354449111755648
35,Delta,15,17,0.39538749808829926,0.5351151117757589,-0.13972761368745962,-1.3224672405296243,0.1967730022245464
52,Alpha,15,17,0.10422792234975428,0.19242784043601827,-0.08819991808626398,-1.3372818052564905,0.19874373437732393
13,Alpha,15,17,0.13601842570813402,0.1881034048248072,-0.052084979116673175,-1.300871737657503,0.206040724565749
46,Delta,15,17,0.27005845516447036,0.35625142942206195,-0.08619297425759159,-1.2841274240832512,0.2089800344674655
50,Tetta,15,17,0.12418998993401018,0.16300951224081323,-0.03881952230680305,-1.2609051264107334,0.2171263755669613
12,Delta,15,17,0.21928958929483855,0.29748079208891937,-0.07819120279408082,-1.2476547441196268,0.2218364822699816
21,Alpha,15,17,0.09860323670778483,0.1426727342124538,-0.04406949750466897,-1.2593691880901512,0.22255183079744437
36,Delta,15,17,0.34049188966552424,0.45493781590620347,-0.11444592624067923,-1.2447037501652018,0.22315902905087848
29,Tetta,15,17,0.21916140341569512,0.29776454509264616,-0.07860314167695104,-1.2326370362952723,0.2296634154154137
44,Alpha,15,17,0.18812719763567054,0.251795239433521,-0.06366804179785046,-1.224547033846373,0.2303705502857536
49,Tetta,15,17,0.11088767942218553,0.1367184669718522,-0.025830787549666667,-1.2096554859693784,0.23670513692317935
43,Alpha,15,17,0.1411093209988423,0.18862519822806037,-0.04751587722921807,-1.208952474403607,0.23797167730443086
25,Alpha,15,17,0.11639667073826468,0.1599102904472281,-0.04351361970896342,-1.2058258345532842,0.24233729023336928
24,Beta,15,17,0.08371863501323831,0.1392925401995642,-0.05557390518632588,-1.2003857091399353,0.24409876382126652
41,Tetta,15,17,0.10682354127722128,0.13859263209088676,-0.03176909081366548,-1.1835474386665055,0.24741047921526765
60,Tetta,15,17,0.13219008064636636,0.1747179378648432,-0.04252785721847682,-1.178031128196977,0.24809178555617922
62,Alpha,15,17,0.1492540474774109,0.19431272095345817,-0.04505867347604728,-1.1663742467057574,0.2537621068714677
58,Tetta,15,17,0.17550880500366764,0.2195558208732211,-0.04404701586955345,-1.1639181318024843,0.25427619472001856
41,Alpha,15,17,0.14083494624448203,0.1931821934106637,-0.052347247166181665,-1.1711773183237904,0.25497708735496816
32,Tetta,15,17,0.12559317609383944,0.16930437524716893,-0.043711199153329494,-1.1533500070862919,0.2578762110239565
30,Beta,15,17,0.13207719242643742,1.5016522575952425,-1.369575065168805,-1.1719343050197388,0.2583289616914135
4,Alpha,15,17,0.13508367561513468,0.1767038648859376,-0.04162018927080291,-1.1539027752426927,0.26102573842738247
10,Alpha,15,17,0.1019425506954865,0.13875842682432896,-0.03681587612884246,-1.1437913104386994,0.26620108298079626
22,Delta,15,17,0.14721050808827083,0.21105473216216103,-0.0638442240738902,-1.1278406484384516,0.26941235706362265
59,Delta,15,17,12.670152026887921,1.1968385179733194,11.473313508914602,1.1404045982045306,0.27323015474147416
17,Tetta,15,17,0.1887230544099732,0.24138051340309516,-0.052657458993121964,-1.1120788684560303,0.2749794802203183
43,Beta,15,17,0.0550218969856995,0.07041239010624023,-0.015390493120540728,-1.0998803119843767,0.28013549631765966
57,Alpha,15,17,0.11994845903522912,0.15505950134612764,-0.035111042310898524,-1.1012163588177464,0.28296567183388777
28,Delta,15,17,0.24237061233984097,0.3103712978838038,-0.06800068554396282,-1.0925272913512336,0.2833121427916709
2,Tetta,15,17,0.1424287055456449,0.1688257932443829,-0.026397087698737998,-1.087313575203771,0.2860908129747192
18,Delta,15,17,0.1765727422244492,0.23788461414705808,-0.061311871922608896,-1.086305183632605,0.28630230005185164
58,Beta,15,17,0.07861695423397044,0.11973714800838497,-0.04112019377441453,-1.0833259358300462,0.2876811567346279
6,Delta,15,17,0.2027677823567674,0.27451996345605173,-0.07175218109928433,-1.079649097650752,0.28894257652446004
14,Beta,15,17,0.05865245186206367,0.08523793636458595,-0.026585484502522273,-1.0746812856053216,0.2933914191323093
11,Delta,15,17,0.17083911104571256,0.23570671242450464,-0.06486760137879208,-1.0612693252061824,0.29718577606524177
15,Delta,15,17,0.3123266889107606,0.42297780754811626,-0.11065111863735566,-1.0610185004721198,0.29958972048871807
13,Delta,15,17,0.17975173793614857,0.2385265494407225,-0.05877481150457392,-1.0540444774974946,0.30075354080045813
5,Delta,15,17,0.2708930574534905,0.34684658906206023,-0.07595353160856971,-1.0105725369346723,0.3205165198341119
59,Tetta,15,17,2.1680154488200225,0.46663217540799073,1.7013832734120318,1.0172765375992507,0.3261816197839831
30,Alpha,15,17,0.28069234487733674,5.709762843330952,-5.429070498453616,-1.0110086291283844,0.32704915081584596
3,Alpha,15,17,0.14849957687159382,0.18402916281705808,-0.035529585945464265,-0.9949373493877826,0.32921979019314673
23,Alpha,15,17,0.11138504694792487,0.1497940268779711,-0.038408979930046244,-0.9964031045650401,0.32952630824532214
9,Tetta,15,17,0.899850871260204,0.20648289580388562,0.6933679754563185,1.0051033506529021,0.331886422024143
31,Delta,15,17,4.640966492394607,1.1361825149454157,3.5047839774491907,0.9994248302084774,0.3343826719854275
5,Alpha,15,17,0.11672066108634073,0.14573511009362816,-0.029014449007287432,-0.9816240825308702,0.334669672567972
9,Delta,15,17,3.2058377414823527,0.3603671754316456,2.845470566050707,0.9897438725936899,0.3390888657510638
50,Delta,15,17,0.21617688418972117,0.27486752560075256,-0.05869064141103139,-0.9593063251673584,0.34513374776817785
30,Delta,15,17,7.287202900068627,169.0688360413166,-161.78163314124797,-0.9606564332332717,0.35099930902826526
24,Delta,15,17,2.143750877489173,0.3341383138874999,1.8096125636016733,0.959745697347253,0.35344170974462874
27,Delta,15,17,0.1965344533383373,0.25752558400567505,-0.060991130667337745,-0.9351180303398122,0.3572037784698755
30,Tetta,15,17,1.7462792840623669,25.843883521552268,-24.0976042374899,-0.9466394554436838,0.35785917600960293
34,Delta,15,17,0.2426192427793193,0.30612937668834084,-0.06351013390902155,-0.9329503393990313,0.3586539264050499
20,Beta,15,17,0.10318326101534896,0.08365954059053535,0.01952372042481361,0.9333652178054199,0.3598465335005996
37,Delta,15,17,0.19993811381005103,0.25958481483182316,-0.059646701021772136,-0.9277461815512946,0.3609516724432491
38,Delta,15,17,0.1572189751007254,0.21245293166874502,-0.055233956568019604,-0.9189504203686177,0.3657658615811724
20,Tetta,15,17,0.3142851783642693,0.19810125098175027,0.11618392738251901,0.9145314756732854,0.3751157571092535
20,Delta,15,17,0.6729987634316325,0.3377293982237828,0.33526936520784967,0.8778527001331682,0.3944051752009077
54,Alpha,15,17,0.09688203105525603,0.11658265162520215,-0.01970062056994612,-0.8594837691873012,0.3985301166155819
48,Delta,15,17,0.28230685889129603,0.34113770906998664,-0.05883085017869061,-0.8481413835367181,0.40315614427106183
31,Tetta,15,17,0.9615271294282544,0.4183379226998121,0.5431892067284423,0.8537508047445732,0.40711416943643564
43,Delta,15,17,0.19309037845759167,0.240810738432975,-0.04772035997538335,-0.8363256391382089,0.40979019764689917
61,Delta,15,17,0.2631098877342921,0.3184199341330208,-0.05531004639872866,-0.8355652627079028,0.4101099242976852
24,Tetta,15,17,0.4140147733723835,0.1784734874546361,0.23554128591774742,0.8471410893513889,0.4110284887339022
51,Alpha,15,17,0.1584032003028644,0.19627791674447662,-0.03787471644161222,-0.8169813731557323,0.42057666537427274
41,Delta,15,17,0.166109905465846,0.21664386133582483,-0.05053395586997883,-0.8134622994978675,0.4235433170028805
29,Beta,15,17,0.05917348149010823,0.0692282096516727,-0.010054728161564469,-0.7979836574991866,0.43128188271217127
39,Delta,15,17,0.17402363401793294,0.22147457774843324,-0.047450943730500295,-0.7888912615598015,0.4365055523958331
0,Delta,15,17,1.3030287935561133,0.6548396296152215,0.6481891639408919,0.7913280790635308,0.4394489176523262
1,Delta,15,17,0.32051207875566823,0.38681702574595017,-0.06630494699028194,-0.7786917990754623,0.44231137071514026
51,Tetta,15,17,0.1613233817593446,0.1965817013958923,-0.035258319636547686,-0.7766463201602688,0.44346522980413605
14,Alpha,15,17,0.15755964771267914,0.18618353511042451,-0.02862388739774538,-0.7761993336795359,0.44377423745550937
32,Delta,15,17,0.26469217509859133,0.34556096979007334,-0.080868794691482,-0.7753109881142463,0.44422744178880424
54,Delta,15,17,0.17118569142406895,0.21684246444526842,-0.04565677302119947,-0.7708327828990202,0.4469119750779934
52,Delta,15,17,0.1468904740014483,0.1921324287528167,-0.045241954751368385,-0.7705100868928959,0.44710897949376593
51,Delta,15,17,0.24698155195348795,0.30478681792982487,-0.05780526597633692,-0.7677170357394276,0.4488744025293254
14,Delta,15,17,0.22709954333683796,0.2705573163488332,-0.043457773011995215,-0.7648588814346873,0.45038320061149717
58,Delta,15,17,0.40456199148108085,0.495653896709951,-0.09109190522887017,-0.7294869012179434,0.472287301059208
57,Delta,15,17,0.36490418199035857,0.4457804989330575,-0.08087631694269892,-0.7133194443998331,0.4819456053438306
55,Delta,15,17,0.17757952442126615,0.2195991314217156,-0.04201960700044946,-0.7058820259789065,0.48581455780042937
5,Beta,15,17,0.0708117471815693,0.0835110525736267,-0.012699305392057408,-0.7051674878604464,0.4861469504460746
10,Delta,15,17,0.16137887253056446,0.20202470170099196,-0.0406458291704275,-0.7033659489336864,0.48747369780887706
44,Delta,15,17,0.2760564615210843,0.323136526893,-0.04708006537191567,-0.7010382279602422,0.48883303593617056
17,Beta,15,17,0.08851423443457676,0.11650871978785728,-0.027994485353280515,-0.698233527005714,0.4904728187106733
39,Alpha,15,17,0.09250948985240288,0.10834905407352358,-0.01583956422112069,-0.6931085383314638,0.4940252333066363
1,Beta,15,17,0.08707620643434069,0.11658138289515463,-0.029505176460813937,-0.6718441935239606,0.5070913694333152
58,Alpha,15,17,0.13610221360706617,0.16027186317917178,-0.0241696495721056,-0.6548232865516336,0.5176594688385336
23,Delta,15,17,0.14864134294764392,0.1873911597429454,-0.038749816795301484,-0.6497221296825264,0.5208347622849513
19,Alpha,15,17,0.19029595492378115,0.22307786525485399,-0.03278191033107283,-0.6481906648289966,0.5222302331351878
53,Beta,15,17,0.06496482597782262,0.07729124188350112,-0.012326415905678498,-0.6428115343732077,0.5252911038623242
16,Beta,15,17,0.09682465360041648,0.07193422904212018,0.024890424558296292,0.6502172727287198,0.5253781428360469
21,Delta,15,17,0.14605406255476058,0.18162704605598745,-0.03557298350122687,-0.6422248465970164,0.5258782522222256
20,Alpha,15,17,0.19584090140544705,0.17184644652640116,0.02399445487904589,0.6370772895992161,0.5290740469831334
60,Delta,15,17,0.277045361928287,0.3415829007219033,-0.06453753879361629,-0.6297195994829434,0.5337010078375788
7,Alpha,15,17,0.10176193559808389,0.11952090057275709,-0.017758964974673205,-0.6285613735160036,0.5344796636081718
17,Delta,15,17,0.344556049671438,0.3947679511159241,-0.05021190144448612,-0.6284475730829052,0.5345294069892037
11,Beta,15,17,0.04168054192984802,0.05460974537957909,-0.012929203449731072,-0.6152560999679936,0.5434540098090828
24,Alpha,15,17,0.13773253699321125,0.15315209474696334,-0.015419557753752089,-0.5972377902104392,0.5552318910704475
33,Delta,15,17,0.2571498862541621,0.3087903053424104,-0.051640419088248346,-0.5853662803377712,0.5628232682373122
7,Delta,15,17,0.14497281477328328,0.17920118516065828,-0.034228370387375,-0.5703736656314686,0.5726794563014685
55,Beta,15,17,0.047165541883025845,0.038082575649857855,0.00908296623316799,0.5749327698354326,0.5737547425838914
55,Alpha,15,17,0.10085355004680062,0.11544934302537131,-0.014595792978570693,-0.5427677001160058,0.5916879333963747
40,Beta,15,17,0.13118917507725575,0.10705610016929586,0.024133074907959892,0.5437582662013181,0.5918309004981726
3,Delta,15,17,1.1268448216574536,0.8668941609999714,0.2599506606574822,0.5415827803906921,0.5954678807628173
25,Tetta,15,17,0.2183212340114609,0.24835250912761153,-0.03003127511615064,-0.5266109412276949,0.6035403208797464
35,Alpha,15,17,0.19326788532946795,0.1579263374178099,0.035341547911658056,0.528086727928801,0.6039259863043465
57,Beta,15,17,0.06601649471336887,0.07493948015053065,-0.008922985437161773,-0.510843274756257,0.6133730156327476
16,Delta,15,17,0.39399728590533845,0.3485886008277828,0.04540868507755563,0.4897317752564245,0.6291244950757655
40,Alpha,15,17,0.17903807503836497,0.15737289007680091,0.021665184961564055,0.4857739416885368,0.6317584511868355
25,Delta,15,17,0.6579547053055158,0.5375237585741932,0.1204309467313226,0.4884924036096331,0.631807891807437
41,Beta,15,17,0.06510810907930135,0.07508750364486995,-0.009979394565568594,-0.46497796602355446,0.6457499160754485
9,Beta,15,17,0.12982531079638102,0.10898636064703474,0.02083895014934628,0.46553592345783457,0.6460566042305347
62,Tetta,15,17,0.18070188492891334,0.19397567641459593,-0.013273791485682584,-0.4569506857998809,0.6516453090149545
31,Alpha,15,17,0.21023749631075633,0.23688166781592102,-0.026644171505164682,-0.4402909610865658,0.6631180656103919
12,Beta,15,17,0.04515377845881241,0.05124697725859885,-0.0060931987997864395,-0.4267069183300768,0.6728039378186248
4,Delta,15,17,0.4988694586569355,0.5446379655758207,-0.04576850691888518,-0.4133643794994234,0.6828289312621356
59,Alpha,15,17,0.23120929470788393,0.2653722979430975,-0.034163003235213596,-0.38756254943910806,0.7015131112954373
0,Tetta,15,17,0.37834807619718563,0.30128037518918177,0.07706770100800386,0.3851468699379174,0.7037560610263902
56,Delta,15,17,0.2207490144859231,0.24515127204880324,-0.024402257562880142,-0.3590139894690758,0.7221593513563289
3,Beta,15,17,0.07826181532489876,0.08479128070227823,-0.006529465377379473,-0.3466510747998595,0.7319380035649503
50,Beta,15,17,0.05937289319681152,0.0690325382439529,-0.009659645047141383,-0.34357832397000626,0.7335670239000928
16,Tetta,15,17,0.20952567796976798,0.19223331792556603,0.017292360044201954,0.3368639207333505,0.7402544581501747
19,Delta,15,17,0.2877020883181739,0.25892229944843204,0.028779788869741862,0.3297576366074018,0.7445415985936481
19,Beta,15,17,0.07673479986362278,0.0689123284348211,0.007822471428801672,0.3231502710707027,0.7498079553605808
2,Delta,15,17,0.2799002665435038,0.3016939989658965,-0.021793732422392686,-0.2997607689193665,0.7665710377232652
29,Delta,15,17,0.883116084987682,0.7582640829665654,0.12485200202111657,0.3018039590144262,0.766699382593949
56,Tetta,15,17,0.1271016430168871,0.1362785261479162,-0.009176883131029101,-0.2964846098721492,0.7698743502706722
56,Beta,15,17,0.06737386057419435,0.060237172925818705,0.0071366876483756475,0.29287364797921345,0.7734100953631777
40,Tetta,15,17,0.1813138391172129,0.17250284847884284,0.00881099063837007,0.2602637829802396,0.7971240035355468
35,Beta,15,17,0.13713925691794543,0.15243218839951173,-0.015292931481566296,-0.24702929095818532,0.8070961761578934
19,Tetta,15,17,0.16492509462885438,0.1578577726515902,0.007067321977264174,0.24349855135015866,0.8098916379754046
13,Beta,15,17,0.04909027596226052,0.05081762382317157,-0.0017273478609110549,-0.21805672282092262,0.8291861646393867
53,Delta,15,17,0.2660374083571018,0.25297644620641274,0.013060962150689082,0.17103860511413563,0.8654675628711954
16,Alpha,15,17,0.20562201048883183,0.21447700741035597,-0.008854996921524139,-0.15784595850627223,0.8757429580447034
49,Delta,15,17,0.2254178720511614,0.23767633775786526,-0.012258465706703858,-0.14816648973224433,0.8834406001823197
56,Alpha,15,17,0.12337948494842128,0.12031625313501731,0.0030632318134039688,0.08464539280767477,0.9332520581649725
35,Tetta,15,17,0.22790486621005188,0.22249794232265122,0.005406923887400661,0.08048725821524125,0.9368413507283815
53,Alpha,15,17,0.14299737438263874,0.14537311526385843,-0.0023757408812196956,-0.07545546595722373,0.9403667421410503
51,Beta,15,17,0.08559731002749195,0.0880446894999583,-0.0024473794724663572,-0.06577764951100203,0.9479962343814501
62,Delta,15,17,0.34524918873868293,0.34173254810628434,0.0035166406323985933,0.04702723697882136,0.9628392239202095
3,Tetta,15,17,0.3268816901755238,0.33086167055727383,-0.0039799803817500146,-0.03585673982774692,0.9717858646717448
53,Tetta,15,17,0.14681839840634475,0.14724702013953894,-0.00042862173319418995,-0.016354776374977547,0.9870737990223051
40,Delta,15,17,0.2897232453087492,0.28878965273666446,0.0009335925720847515,0.01490010143716322,0.9882105471335443
